feature,importance
volatility,0.4264705882352941
total_return,0.4166666666666667
max_drawdown,0.15686274509803927
